{
    "php": [
        {
            "name": "菜鸟教程",
            "content": "www.runoob.com"
        },
        {
            "name": "google",
            "content": "www.google.com"
        },
        {
            "name": "微博",
            "content": "www.weibo.com"
        }
    ],
    "mysql": [
        {
            "name": "菜鸟教程",
            "content": "www.runoob.com"
        },
        {
            "name": "google",
            "content": "www.google.com"
        },
        {
            "name": "微博",
            "content": "www.weibo.com"
        }
    ]
}