{
    "html": [
        {
            "name": "菜鸟教程",
            "content": "www.runoob.com"
        },
        {
            "name": "google",
            "content": "www.google.com"
        },
        {
            "name": "微博",
            "content": "www.weibo.com"
        }
    ],
    "css": [
        {
            "name": "菜鸟教程",
            "content": "www.runoob.com"
        },
        {
            "name": "google",
            "content": "www.google.com"
        },
        {
            "name": "微博",
            "content": "www.weibo.com"
        }
    ],
    "js": [
        {
            "name": "菜鸟教程",
            "content": "www.runoob.com"
        },
        {
            "name": "google",
            "content": "www.google.com"
        },
        {
            "name": "微博",
            "content": "www.weibo.com"
        }
    ],
    "jquery": [
        {
            "name": "菜鸟教程",
            "content": "www.runoob.com"
        },
        {
            "name": "google",
            "content": "www.google.com"
        },
        {
            "name": "微博",
            "content": "www.weibo.com"
        }
    ],
    "vue": [
        {
            "name": "菜鸟教程",
            "content": "www.runoob.com"
        },
        {
            "name": "google",
            "content": "www.google.com"
        },
        {
            "name": "微博",
            "content": "www.weibo.com"
        }
    ],
    "react": [
        {
            "name": "菜鸟教程",
            "content": "www.runoob.com"
        },
        {
            "name": "google",
            "content": "www.google.com"
        },
        {
            "name": "微博",
            "content": "www.weibo.com"
        }
    ]
}